Acanthocobitis botia,Count,,
Alepes djedaba,6,,
Ambassis buton ,6,,
Ambassis urotaenia ,6,,
Amblyceps cerinum,6,,
Amblypharyngodon microlepis ,5,,
Amphiprion ephippium ,5,,
Amphiprion ocellaris ,5,,
Anabas testudineus,5,,
Aplocheilus lineatus ,5,,
Aplocheilus panchax,5,,
Apocryptes bato,5,,
Ariomma indica,5,,
Asterorhombus cocosensis ,5,,
Badis andrewraoi,5,,remove
Badis autumnum,5,,remove
Badis britzi,5,,remove
Badis kyanos,5,,
Badis laspiophilus,5,,
Badis soraya,5,,
Bagarius bagarius,5,,
Balitora chipkali,5,,
Balitora jalpalli ,5,,
Balitora laticauda,5,,
Barbodes carnaticus ,5,,
Barilius ardens,5,,
Barilius bakeri ,5,,
Barilius barila,5,,
Barilius canarensis,5,,
Barilius gatensis ,5,,
Barilius malabaricus,5,,
Batasio flavus ,5,,
Bhavania australis,5,,
Bodianus neilli ,5,,
Botia dario,5,,
Bregmaceros mcclellandi,5,,
Carangoides bajad,5,,
Carangoides talamparoides,5,,
Centropyge eibli ,5,,
Centropyge flavipectoralis ,5,,
Cephalopholis boenak ,5,,
Cephalopholis miniata ,5,,
Chaca chaca,5,,
Chaetodon andamanensis ,5,,
Chaetodon gardineri ,5,,
Chaetodon xanthocephalus ,5,,
Chagunius chagunio,5,,
Chanda nama,5,,
Channa brunnea,5,,remove
Channa gachua ,5,,remove
Channa marulius,5,,remove
Channa pseudomarulius,5,,
Channa punctata,5,,
Channa striata ,5,,
Cheiloprion labiatus ,5,,
Chela macrolepis,5,,
Chelidoperca maculicauda ,5,,
Chitala chitala,5,,
Cirrhinus mrigala,5,,
Cirripectes filamentosus ,5,,remove
Cirripectes perustus ,5,,remove
Cirripectes polyzona ,5,,
Cirripectes stigmaticus ,5,,
Clupisoma garua,5,,
Congrogadus subducens ,5,,
Coris cuvieri ,5,,
Cromileptes altivelis ,5,,
Danio dangila,5,,
Danio rerio,5,,
Dario huli,4,,remove
Dario urops,4,,add
Dawkinsia filamentosa,4,,add
Dawkinsia rubrotincta,4,,remove
Desmodema polystictum,4,,remove
Devario aequipinnatus,4,,remove
Devario malabaricus ,4,,add more
Dischistodus perspicillatus ,4,,add more
Dischistodus prosopotaenia ,4,,remove
Ecsenius midas ,4,,add more
Eleutherochir opercularis ,4,,remove
Encrasicholina intermedia ,4,,add more
Engyprosopon grandisquama ,4,,remove
Engyprosopon mozambiquense ,4,,remove
Epinephelus chlorostigma ,4,,remove
Epinephelus coeruleopunctatus ,4,,remove
Epinephelus coioides ,4,,remove
Epinephelus longispinis ,4,,remove
Epinephelus macrospilos ,4,,keep
Esomus danrica,4,,remove
Eutropiichthys murius,4,,remove
Eutropiichthys vacha,4,,remove
Garra emarginata ,4,,remove
Garra jerdoni,4,,remove
Garra mlapparaensis ,4,,remove
Garra mullya,4,,keep
Garra nethravathiensis,4,,remove
Garra palaruvica ,4,,remove
Garra platycephala,4,,remove
Garra surendranathanii ,4,,remove
Ghatsa montana,4,,remove
Ghatsa silasi ,4,,remove
Gibelion catla ,4,,keep
Glossogobius giuris,4,,remove
Glyptothorax anamalaiensis ,4,,keep
Glyptothorax elankadensis ,3,,remove
Glyptothorax malabarensis ,3,,remove
Glyptothorax radiolus,3,,remove
Gobiopterus smithi ,3,,remove
Gorgasia maculata ,3,,remove
Gudusia chapra,3,,keep
Halichoeres cosmetus ,3,,keep
Halichoeres leucoxanthus ,3,,remove
Haludaria fasciata ,3,,remove
Hara hara,3,,remove
Heteroconger hassi ,3,,remove
Heteroconger obscurus ,3,,remove
Heteropneustes fossilis,3,,remove
Horabagrus melanosoma ,3,,remove
Horadandia brittani,3,,remove
Horaglanis abdulkalami ,3,,remove
Hypselobarbus curmuca,3,,remove
Hypselobarbus gracilis,3,,remove
Hypselobarbus nilgiriensis,3,,remove
Hypselobarbus pseudomussullah,3,,remove
Iniistius bimaculatus,3,,remove
Inimicus caledonicus ,3,,remove
Istiblennius lineatus ,3,,remove
Jaydia lineata,3,,remove
Jaydia smithi,3,,remove
Kryptoglanis shajii ,3,,remove
Labeo bata,3,,remove
Labeo boga,3,,remove
Labeo gonius,3,,remove
Labeo nandina,3,,remove
Labeo nigrescens,3,,remove
Labeo rohita,3,,add more pics
Lactarius lactarius,3,,
Laubuka fasciata ,3,,keep
Laubuka latens,3,,remove
Laubuka laubuca,3,,remove
Laubuka trevori,3,,remove
Leiodon cutcutia,3,,
Lepidocephalichthys guntea,3,,keep
Lepidocephalichthys thermalis,3,,remove
Lethrinus borbonicus ,3,,
Lutjanus carponotatus ,3,,
Macrognathus albus ,3,,remove
Macrognathus aral,3,,remove
Macrognathus fasciatus ,3,,remove
Macrognathus lineatomaculatus,3,,remove
Macrognathus pancalus,3,,remove
Maculabatis arabica,3,,remove
Mastacembelus armatus,3,,remove
Megarasbora elanga,3,,remove
Microphis brachyurus ,3,,remove
Mystus armatus ,3,,remove
Mystus bleekeri,3,,remove
Mystus canarensis ,3,,remove
Mystus catapogon ,3,,remove
Mystus cavasius,3,,remove
Mystus heoki ,3,,remove
Mystus indicus,3,,remove
Mystus keralai,3,,keep
Mystus malabaricus,3,,remove
Mystus menoni,3,,remove
Mystus vittatus,3,,remove
Nandus nandus ,3,,remove
Nemacheilus guentheri ,3,,remove
Nemacheilus triangularis,3,,remove
Neolissochilus capudelphinus,3,,remove
Netuma thalassina ,3,,remove
Notopterus notopterus,3,,remove
Olyra astrifera ,3,,remove
Olyra longicaudata,3,,remove
Omobranchus obliquus ,3,,remove
Ompok bimaculatus,3,,remove
ompok karunkodu,3,,remove
Opsarius barna,3,,remove
Opsarius tileo,3,,remove
Oreichthys coorgensis,3,,remove
Oreichthys duospilus ,3,,remove
Oreichthys incognito ,3,,remove
Oreochromis mossambicus ,3,,remove
Osteobrama cotio,3,,remove
Pangasius silasi,3,,remove
Pangio ammophila ,3,,remove
Pangio bhujia ,3,,remove
Parambassis baculis ,3,,remove
Parambassis dayi ,3,,remove
Parambassis ranga,3,,keep
Parupeneus macronemus ,3,,remove
Pempheris sarayu ,3,,remove
Periophthalmus barbarus ,3,,remove
Pethia aurea,3,,keep
Pethia canius,3,,remove
Pethia conchonius,3,,remove
Pethia longicauda,3,,remove
Pethia lutea,3,,remove
Pethia muvattupuzhaensis ,3,,remove
Pethia sanjaymoluri,3,,remove
Pethia striata ,3,,remove
Pethia ticto,3,,remove
Pomacentrus similis ,3,,remove
Pristolepis malabarica ,3,,remove
Pristolepis marginata ,2,,remove
Pristolepis pentacantha ,2,,remove
Pristolepis procerus ,2,,remove
Pristolepis rubripinnis ,2,,remove
Proeutropiichthys taakree,2,,remove
Pseudanthias pillai ,2,,remove
Pseudetroplus maculatus,2,,remove
Pseudolaguvia ferruginea,2,,remove
Pseudolaguvia flavida,2,,remove
Pseudolaguvia ribeiroi,2,,remove
Pseudolaguvia shawi,2,,remove
Pseudorhombus dupliciocellatus ,2,,remove
Pseudosphromenus cupanus,2,,add more availaible pics
Psilorhynchus hamiltoni,2,,remove
Puntius amphibius,2,,remove
Puntius bimaculatus ,2,,remove
Puntius chola,2,,add more availaible pics
Puntius dolichopterus ,2,,remove
Puntius madhusoodani ,2,,remove
Puntius melanostigma,2,,remove
Puntius nelsoni ,2,,remove
Puntius nigronotus ,2,,remove
Puntius pinnauratus ,2,,remove
Puntius sophore,2,,remove
Puntius stigma ,2,,remove
Puntius viridis ,2,,remove
Puntius vittatus,2,,remove
Rasbora dandia,2,,remove
Rasbora daniconius,2,,remove
Rasbora microcephalus,2,,remove
Rita rita,2,,remove
Sahyadria chalakkudiensis ,2,,remove
Sahyadria denisonii ,2,,remove
Salmostoma bacaila,2,,remove
Salmostoma boopis,2,,remove
Sargocentron caudimaculatum ,2,,add more availaible pics
Sargocentron diadema ,2,,remove
Sargocentron praslin ,2,,remove
Sargocentron spiniferum ,2,,remove
Schistura altipedunculata ,2,,remove
Schistura bhimachari ,2,,remove
Schistura mukambbikaensis ,2,,remove
Schistura striata,2,,remove
Scolopsis vosmeri,2,,remove
Silonia silondia,2,,remove
Sphyraena obtusata,2,,remove
Stegastes punctatus ,2,,remove
Strongylura incisa ,2,,remove
Synanceia verrucosa ,2,,remove
Systomus chryseus ,2,,remove
Systomus chrysopoma ,2,,remove
Systomus laticeps ,2,,remove
Systomus rufus ,2,,remove
Systomus sarana ,2,,remove
Tor khudree ,2,,remove
Tor remadeviae ,1,,remove
Tor tor,1,,add more availaible pics
Trichogaster fasciata,1,,remove
Upeneus taeniopterus ,1,,remove
Wallago attu,1,,remove
Xenentodon cancila ,1,,remove
Zebrias cochinensis ,1,,remove
,1,,remove
